<?xml version="1.0" encoding="UTF-8"?>
<robot generated="20170222 16:21:37.788" generator="Robot 3.0.1 (Python 2.7.12 on linux2)">
<suite source="/home/execution/Network Protocol/suites/bgp_test.robot" id="s1" name="Bgp Test">
<test id="s1-t1" name="Initiate And Validate Traffic To/From BGP Router">
<kw name="Initiate And Validate Traffic" library="bgp_service">
<doc>Will initiate the Traffic on Router</doc>
<arguments>
<arg>${HOSTR1}</arg>
<arg>${HOSTR2}</arg>
<arg>${cmd_lt}</arg>
<arg>${cmd_it}</arg>
<arg>${match_trfc}</arg>
</arguments>
<assign>
<var>${output}</var>
</assign>
<kw name="Open Connection" library="SSHLibrary">
<doc>Opens a new SSH connection to the given `host` and `port`.</doc>
<arguments>
<arg>${host2}</arg>
<arg>port=${SSH_PORT}</arg>
<arg>prompt=${ROUTER_PROMPT}</arg>
<arg>timeout=${TIMEOUT}</arg>
<arg>alias=2</arg>
</arguments>
<status status="PASS" endtime="20170222 16:21:38.239" starttime="20170222 16:21:38.237"></status>
</kw>
<kw name="Login" library="SSHLibrary">
<doc>Logs into the SSH server with the given `username` and `password`.</doc>
<arguments>
<arg>${USER}</arg>
<arg>${PASS}</arg>
</arguments>
<msg timestamp="20170222 16:21:38.239" level="INFO">Logging into '10.22.12.91:22' as 'mininet'.</msg>
<msg timestamp="20170222 16:21:38.584" level="INFO">Read output: Welcome to Ubuntu 14.04 LTS (GNU/Linux 3.13.0-24-generic i686)

 * Documentation:  https://help.ubuntu.com/
New release '16.04.2 LTS' available.
Run 'do-release-upgrade' to upgrade to it.

Last login: Wed Feb 22 02:03:11 2017 from 10.22.12.73
mininet@mininet-vm:~$</msg>
<status status="PASS" endtime="20170222 16:21:38.584" starttime="20170222 16:21:38.239"></status>
</kw>
<kw name="Write" library="SSHLibrary">
<doc>Writes the given `text` on the remote machine and appends a newline.</doc>
<arguments>
<arg>${cmd_trf2}</arg>
</arguments>
<msg timestamp="20170222 16:21:38.587" level="INFO">iperf3 -s -D</msg>
<status status="PASS" endtime="20170222 16:21:38.587" starttime="20170222 16:21:38.585"></status>
</kw>
<kw name="Open Connection" library="SSHLibrary">
<doc>Opens a new SSH connection to the given `host` and `port`.</doc>
<arguments>
<arg>${host1}</arg>
<arg>port=${SSH_PORT}</arg>
<arg>prompt=${ROUTER_PROMPT}</arg>
<arg>timeout=${TIMEOUT}</arg>
<arg>alias=1</arg>
</arguments>
<status status="PASS" endtime="20170222 16:21:38.588" starttime="20170222 16:21:38.588"></status>
</kw>
<kw name="Login" library="SSHLibrary">
<doc>Logs into the SSH server with the given `username` and `password`.</doc>
<arguments>
<arg>${USER}</arg>
<arg>${PASS}</arg>
</arguments>
<msg timestamp="20170222 16:21:38.589" level="INFO">Logging into '10.22.12.90:22' as 'mininet'.</msg>
<msg timestamp="20170222 16:21:38.850" level="INFO">Read output: Welcome to Ubuntu 14.04 LTS (GNU/Linux 3.13.0-24-generic i686)

 * Documentation:  https://help.ubuntu.com/
New release '16.04.2 LTS' available.
Run 'do-release-upgrade' to upgrade to it.

Last login: Wed Feb 22 02:03:12 2017 from 10.22.12.73
mininet@mininet-vm:~$</msg>
<status status="PASS" endtime="20170222 16:21:38.850" starttime="20170222 16:21:38.589"></status>
</kw>
<kw name="Write" library="SSHLibrary">
<doc>Writes the given `text` on the remote machine and appends a newline.</doc>
<arguments>
<arg>${cmd_trf1}</arg>
</arguments>
<msg timestamp="20170222 16:21:38.859" level="INFO">iperf3 -c 10.22.12.91 -n 2M -u</msg>
<status status="PASS" endtime="20170222 16:21:38.860" starttime="20170222 16:21:38.850"></status>
</kw>
<kw name="Sleep" library="BuiltIn">
<doc>Pauses the test executed for the given time.</doc>
<arguments>
<arg>${SLEEP_TIME}</arg>
</arguments>
<msg timestamp="20170222 16:22:08.861" level="INFO">Slept 30 seconds</msg>
<status status="PASS" endtime="20170222 16:22:08.861" starttime="20170222 16:21:38.860"></status>
</kw>
<kw name="Read Until" library="SSHLibrary">
<doc>Consumes and returns the server output until `expected` is encountered.</doc>
<arguments>
<arg>${ROUTER_PROMPT}</arg>
</arguments>
<assign>
<var>${output17}</var>
</assign>
<msg timestamp="20170222 16:22:08.933" level="INFO">Connecting to host 10.22.12.91, port 5201
[  4] local 10.22.12.90 port 34282 connected to 10.22.12.91 port 5201
[ ID] Interval           Transfer     Bandwidth       Total Datagrams
[  4]   0.00-1.00   sec   120 KBytes   979 Kbits/sec  15  
[  4]   1.00-2.00   sec   128 KBytes  1.05 Mbits/sec  16  
[  4]   2.00-3.00   sec   128 KBytes  1.05 Mbits/sec  16  
[  4]   3.00-4.00   sec   128 KBytes  1.05 Mbits/sec  16  
[  4]   4.00-5.00   sec   128 KBytes  1.05 Mbits/sec  16  
[  4]   5.00-6.00   sec   128 KBytes  1.05 Mbits/sec  16  
[  4]   6.00-7.00   sec   128 KBytes  1.05 Mbits/sec  16  
[  4]   7.00-8.00   sec   128 KBytes  1.05 Mbits/sec  16  
[  4]   8.00-9.00   sec   128 KBytes  1.05 Mbits/sec  16  
[  4]   9.00-10.00  sec   128 KBytes  1.05 Mbits/sec  16  
[  4]  10.00-11.01  sec   128 KBytes  1.05 Mbits/sec  16  
[  4]  11.01-12.00  sec   128 KBytes  1.05 Mbits/sec  16  
[  4]  12.00-13.00  sec   128 KBytes  1.05 Mbits/sec  16  
[  4]  13.00-14.00  sec   128 KBytes  1.05 Mbits/sec  16  
[  4]  14.00-15.00  sec   128 KBytes  1.05 Mbits/sec  16  
[  4]  15.00-16.00  sec   128 KBytes  1.05 Mbits/sec  16  
[  4]  16.00-16.00  sec  8.00 KBytes   154 Mbits/sec  1  
- - - - - - - - - - - - - - - - - - - - - - - - -
[ ID] Interval           Transfer     Bandwidth       Jitter    Lost/Total Datagrams
[  4]   0.00-16.00  sec  2.00 MBytes  1.05 Mbits/sec  0.085 ms  0/255 (0%)  
[  4] Sent 255 datagrams

iperf Done.
mininet@mininet-vm:~$</msg>
<msg timestamp="20170222 16:22:08.934" level="INFO">${output17} = Connecting to host 10.22.12.91, port 5201
[  4] local 10.22.12.90 port 34282 connected to 10.22.12.91 port 5201
[ ID] Interval           Transfer     Bandwidth       Total Datagrams
[  4]   0.00-1....</msg>
<status status="PASS" endtime="20170222 16:22:08.934" starttime="20170222 16:22:08.862"></status>
</kw>
<kw name="Close Connection" library="SSHLibrary">
<doc>Closes the current connection.</doc>
<status status="PASS" endtime="20170222 16:22:08.967" starttime="20170222 16:22:08.934"></status>
</kw>
<kw name="Log" library="BuiltIn">
<doc>Logs the given message with the given level.</doc>
<arguments>
<arg>${output17}</arg>
</arguments>
<msg timestamp="20170222 16:22:08.968" level="INFO">Connecting to host 10.22.12.91, port 5201
[  4] local 10.22.12.90 port 34282 connected to 10.22.12.91 port 5201
[ ID] Interval           Transfer     Bandwidth       Total Datagrams
[  4]   0.00-1.00   sec   120 KBytes   979 Kbits/sec  15  
[  4]   1.00-2.00   sec   128 KBytes  1.05 Mbits/sec  16  
[  4]   2.00-3.00   sec   128 KBytes  1.05 Mbits/sec  16  
[  4]   3.00-4.00   sec   128 KBytes  1.05 Mbits/sec  16  
[  4]   4.00-5.00   sec   128 KBytes  1.05 Mbits/sec  16  
[  4]   5.00-6.00   sec   128 KBytes  1.05 Mbits/sec  16  
[  4]   6.00-7.00   sec   128 KBytes  1.05 Mbits/sec  16  
[  4]   7.00-8.00   sec   128 KBytes  1.05 Mbits/sec  16  
[  4]   8.00-9.00   sec   128 KBytes  1.05 Mbits/sec  16  
[  4]   9.00-10.00  sec   128 KBytes  1.05 Mbits/sec  16  
[  4]  10.00-11.01  sec   128 KBytes  1.05 Mbits/sec  16  
[  4]  11.01-12.00  sec   128 KBytes  1.05 Mbits/sec  16  
[  4]  12.00-13.00  sec   128 KBytes  1.05 Mbits/sec  16  
[  4]  13.00-14.00  sec   128 KBytes  1.05 Mbits/sec  16  
[  4]  14.00-15.00  sec   128 KBytes  1.05 Mbits/sec  16  
[  4]  15.00-16.00  sec   128 KBytes  1.05 Mbits/sec  16  
[  4]  16.00-16.00  sec  8.00 KBytes   154 Mbits/sec  1  
- - - - - - - - - - - - - - - - - - - - - - - - -
[ ID] Interval           Transfer     Bandwidth       Jitter    Lost/Total Datagrams
[  4]   0.00-16.00  sec  2.00 MBytes  1.05 Mbits/sec  0.085 ms  0/255 (0%)  
[  4] Sent 255 datagrams

iperf Done.
mininet@mininet-vm:~$</msg>
<status status="PASS" endtime="20170222 16:22:08.969" starttime="20170222 16:22:08.968"></status>
</kw>
<kw name="Switch Connection" library="SSHLibrary">
<doc>Switches the active connection by index or alias.</doc>
<arguments>
<arg>2</arg>
</arguments>
<status status="PASS" endtime="20170222 16:22:08.969" starttime="20170222 16:22:08.969"></status>
</kw>
<kw name="Sleep" library="BuiltIn">
<doc>Pauses the test executed for the given time.</doc>
<arguments>
<arg>${SLEEP_TIME}</arg>
</arguments>
<msg timestamp="20170222 16:22:38.971" level="INFO">Slept 30 seconds</msg>
<status status="PASS" endtime="20170222 16:22:38.972" starttime="20170222 16:22:08.970"></status>
</kw>
<kw name="Read Until" library="SSHLibrary">
<doc>Consumes and returns the server output until `expected` is encountered.</doc>
<arguments>
<arg>${ROUTER_PROMPT}</arg>
</arguments>
<assign>
<var>${output18}</var>
</assign>
<msg timestamp="20170222 16:22:38.975" level="INFO">mininet@mininet-vm:~$</msg>
<msg timestamp="20170222 16:22:38.975" level="INFO">${output18} = mininet@mininet-vm:~$</msg>
<status status="PASS" endtime="20170222 16:22:38.976" starttime="20170222 16:22:38.972"></status>
</kw>
<kw name="Close Connection" library="SSHLibrary">
<doc>Closes the current connection.</doc>
<status status="PASS" endtime="20170222 16:22:39.042" starttime="20170222 16:22:38.976"></status>
</kw>
<kw name="Log" library="BuiltIn">
<doc>Logs the given message with the given level.</doc>
<arguments>
<arg>${output18}</arg>
</arguments>
<msg timestamp="20170222 16:22:39.043" level="INFO">mininet@mininet-vm:~$</msg>
<status status="PASS" endtime="20170222 16:22:39.044" starttime="20170222 16:22:39.042"></status>
</kw>
<kw name="Should Contain" library="BuiltIn">
<doc>Fails if ``container`` does not contain ``item`` one or more times.</doc>
<arguments>
<arg>${output17}</arg>
<arg>${match_trfc}</arg>
</arguments>
<status status="PASS" endtime="20170222 16:22:39.046" starttime="20170222 16:22:39.045"></status>
</kw>
<kw name="Should Contain" library="BuiltIn">
<doc>Fails if ``container`` does not contain ``item`` one or more times.</doc>
<arguments>
<arg>${output18}</arg>
<arg>${match_trfc}</arg>
</arguments>
<msg timestamp="20170222 16:22:39.049" level="FAIL">'mininet@mininet-vm:~$' does not contain '2.00 MBytes'</msg>
<status status="FAIL" endtime="20170222 16:22:39.049" starttime="20170222 16:22:39.046"></status>
</kw>
<status status="FAIL" endtime="20170222 16:22:39.050" starttime="20170222 16:21:38.236"></status>
</kw>
<doc>Initiate And Validate Traffic To/From BGP Router</doc>
<status status="FAIL" endtime="20170222 16:22:39.052" critical="yes" starttime="20170222 16:21:38.235">'mininet@mininet-vm:~$' does not contain '2.00 MBytes'</status>
</test>
<doc>Test Suite for router bgp functionalities</doc>
<status status="FAIL" endtime="20170222 16:22:39.054" starttime="20170222 16:21:37.791"></status>
</suite>
<statistics>
<total>
<stat fail="1" pass="0">Critical Tests</stat>
<stat fail="1" pass="0">All Tests</stat>
</total>
<tag>
</tag>
<suite>
<stat fail="1" id="s1" name="Bgp Test" pass="0">Bgp Test</stat>
</suite>
</statistics>
<errors>
</errors>
</robot>
